AA,Average,827,828,829,830,831,832,833,834,835,836,837,838,839,840,841,842,843,844,845,846,847,848,849,850,851,852,853,854,855,856,857,858,859,860,861,862,863,864,865,866,867,868,869,870,871,872,873,874,875,876,877,878,879,880,881,882,883,884,885,886,887,888,889,890,891,892,893,894,895,896,897,898,899,900,901,902,903,904,905,906,907,908,909,910,911,912,913,914,915,916,917,918,919,920,921,922,923,924,939,940,941,942,943,944,945,946,947,948,949,950,951,952,953,954,955,956,957,958,959,960,961,962,963,964,965,966,967,968,969,970,971,972,973,974,975,976,977,978,979,980,981,982,983,984,985,986,987,988,989,990,991,992,993,994,995,996,997,998,999,1000,1001,1002,1003,1004,1005,1006,1007,1008,1009,1010,1011,1012,1013,1014,1015,1016,1017,1018,1019,1020,1021,1022,1023,1024,1025,1026,1027,1028,1029,1030,1031,1032,1033,1034,1035,1118,1119,1120,1121,1122,1123,1124,1125,1126,1127,1128,1129,1130,1131,1132,1133,1134,1135,1136,1137,1138,1139,1140,1141,1142,1143,1144,1145,1146,1147,1148,1149,1150,1151,1152,1153,1154,1155,1156,1157,1158,1159,1160,1161,1162,1163,1164,1165,1166,1167,1168,1169,1170,1171,1172,1173,1174,1175,1176,1177,1178,1179,1180,1181,1182,1183,1184,1185,1186,1187,1188,1189,1190,1191,1192,1193,1194,1195,1196,1197,1198,1199,1200,1201,1202,1203,1204,1205,1206,1207,1208,1209,1210,1211,1212,1213,1,2,3,4,5,6,7,8,9,10,11,12,13,14,15,16,17,18,19,20,21,22,23,24,25,26,27,28,29,30,31,32,33,34,35,36,37,38,39,40,41,42,43,44,45,46,47,48,49,50,51,52,53,54,55,56,57,58,59,60,61,62,63,64,65,66,67,68,69,70,71,72,73,74,75,76,77,78,79,80,81,82,83,84,85,86,87,88,89,90,91,92,93,94,95,96,97,98,99,100,101,102,103,104,105,106,107,108,109,110,111,112,113,114,115,116,117,118,119,120,121,122,123,124,125,126,127,128,129,130,131,132,133,134,135,136,137,138,139,140,141,142,143,144,145,146,147,148,149,150,151,152,153,154,155,156,157,158,159,160,161,162,163,164,165,166,167,168,169,170,171,172,173,174,175,176,177,178,179,180,181,182,183,184,185,186,187,188,189,190,191,192,193,194,195,196,197,198,199,200,201,202,203,204,205,206,207,208,209,210,211,212,213,214,215,216,217,218,219,220,221,222,223,224,225,226,227,228,229,230,231,232,233,234,235,236,237,238,239,240,241,242,243,244,245,246,247,248,249,250,251,252,253,254,255,256,257,258,259,260,261,262,263,264,265,266,267,268,269,270,271,272,273,274,275,276,277,278,279,280,281,282,283,284,285,286,287,288,289,290,291,292,293,294,295,296,297,298,299,300,301,302,303,304,305,306,307,308,309,310,311,312,313,314,315,316,317,318,319,320,321,322,323,324,325,326,327,328,329,330,331,332,333,334,335,336,337,338,339,340,341,342,343,344,345,346,347,348,349,350,351,352,353,354,355,356,357,358,359,360,361,362,363,364,365,366,367,368,369,370,371,372,373,374,375,376,377,378,379,380,381,382,383,384,385,386,387,388,389,390,391,392,393,394,395,396,397,398,399,400,401,402,403,404,405,406,407,408,409,410,411,412,413,414,415,416,417,418,419,420,421,422,423,424,425,426,427,428,429,430,431,432,433,434,435,436,437,438,439,440,441,442,443,444,445,446,447,448,449,450,451,452,453,454,455,456,457,458,459,460,461,462,463,464,465,466,467,468,469,470,471,472,473,474,475,476,477,478,479,480,481,482,483,484,485,486,487,488,489,490,491,492,493,494,495,496,497,498,499,500,501,502,503,504,505,506,507,508,509,510,511,512,513,514,515,516,517,518,519,520,521,522,523,524,525,526,527,528,529,530,531,532,533,534,535,536,537,538,539,540,541,542,543,544,545,546,547,548,549,550,551,552,553,554,555,556,557,558,559,560,561,562,563,564,565,566,567,568,569,570,571,572,573,574,575,576,577,578,579,580,581,582,583,584,585,586,587,588,589,590,591,592,593,594,595,596,597,598,599,600,601,602,603,604,605,606,607,608,609,610,611,612,613,614,615,616,617,618,619,620,621,622,623,624,625,626,627,628,629,630,631,632,633,634,635,636,637,638,639,640,641,642,643,644,645,646,647,648,649,650,651,652,653,654,655,656,657,658,659,660,661,662,663,664,665,666,667,668,669,670,671,672,673,674,675,676,677,678,679,680,681,682,683,684,685,686,687,688,689,690,691,692,693,694,695,696,697,698,699,700,701,702,703,704,705,706,707,708,709,710,711,712,713,714,715,716,717,718,719,720,721,722,723,724,725,726,727,728,729,730,731,732,733,734,735,736,737,738,739,740,741,742,743,744,745,746,747,748,749,750,751,752,753,754,755,756,757,758,759,760,761,762,763,764,765,766,767,768,769,770,771,772,773,774,775,776,777,778,779,780,781,782,783,784,785,786,787,788,789,790,791,792,793,794,795,796,797,798,799,800,801,802,803,804,805,806,807,808,809,810,811,812,813,814,815,816,817,818,819,820,821,822,823,824,825,826,925,926,927,928,929,930,931,932,933,934,935,936,937,938,1036,1037,1038,1039,1040,1041,1042,1043,1044,1045,1046,1047,1048,1049,1050,1051,1052,1053,1054,1055,1056,1057,1058,1059,1060,1061,1062,1063,1064,1065,1066,1067,1068,1069,1070,1071,1072,1073,1074,1075,1076,1077,1078,1079,1080,1081,1082,1083,1084,1085,1086,1087,1088,1089,1090,1091,1092,1093,1094,1095,1096,1097,1098,1099,1100,1101,1102,1103,1104,1105,1106,1107,1108,1109,1110,1111,1112,1113,1114,1115,1116,1117,1214,1215,1216,1217,1218,1219,1220,1221,1222,1223,1224,1225,1226,1227,1228,1229,1230,1231,1232,1233,1234,1235,1236,1237,1238,1239,1240,1241,1242,1243,1244,1245,1246,1247,1248,1249,1250,1251,1252,1253,1254,1255,1256,1257,1258,1259,1260,1261,1262
*,-2.9282569228587563,,,,,,,,,,,,,,,,,,,,,,,,,,,,,,,,,,,,,,,,,,,,,,,,,,,,,,,,,,,,,,,,,,,,,,,,,,,,,,,,,,,,,,,,,,,,,,,,,,,,-2.449567101397358,,,,,,,-3.247166237182035,,,-3.371119047558248,,,,-3.6642049142355204,-1.7919607164235496,,,,,,,-3.535766541014926,,,,-3.1533319110958287,,,-2.207079534763599,-2.7938700937589047,,,,-2.4041202481104142,,-2.624410518659561,-3.2045288936932743,-3.23413655757386,,-3.1119360852793325,-3.1529823801885652,-3.323907625782552,,-2.4104937432549343,,,,,,-3.2084636652784884,,,-3.3480721267256954,,,,-3.231738528340017,,,,,,-3.38911245501026,,,,,,-3.758562630406366,,-2.9373343879983413,-2.822019856210719,,,-2.844548086812021,,,,-3.375828411905344,,-2.7338097643245405,,,,,-2.9231824052162776,-2.2993489653975354,,,,,-1.295104252164617,,,,,,,,,,,,,,,,,,,,,,,,,,,,,,,,,,,,,,,,,,,,,,,,,,,,,,,,,,,,,,,,,,,,,,,,,,,,,,,,,,,,,,,,,,,,,,,,,,,,,,,,,,,,,,,,,,,,,,,,,,,,,,,,,,,,,,,,,,,,,,,,,,,,,,,,,,,,,,,,,,,,,,,,,,,,,,,,,,,,,,,,,,,,,,,,,,,,,,,,,,,,,,,,,,,,,,,,,,,,,,,,,,,,,,,,,,,,,,,,,,,,,,,,,,,,,,,,,,,,,,,,,,,,,,,,,,,,,,,,,,,,,,,,,,,,,,,,,,,,,,,,,,,,,,,,,,,,,,,,,,,,,,,,,,,,,,,,,,,,,,,,,,,,,,,,,,,,,,,,,,,,,,,,,,,,,,,,,,,,,,,,,,,,,,,,,,,,,,,,,,,,,,,,,,,,,,,,,,,,,,,,,,,,,,,,,,,,,,,,,,,,,,,,,,,,,,,,,,,,,,,,,,,,,,,,,,,,,,,,,,,,,,,,,,,,,,,,,,,,,,,,,,,,,,,,,,,,,,,,,,,,,,,,,,,,,,,,,,,,,,,,,,,,,,,,,,,,,,,,,,,,,,,,,,,,,,,,,,,,,,,,,,,,,,,,,,,,,,,,,,,,,,,,,,,,,,,,,,,,,,,,,,,,,,,,,,,,,,,,,,,,,,,,,,,,,,,,,,,,,,,,,,,,,,,,,,,,,,,,,,,,,,,,,,,,,,,,,,,,,,,,,,,,,,,,,,,,,,,,,,,,,,,,,,,,,,,,,,,,,,,,,,,,,,,,,,,,,,,,,,,,,,,,,,,,,,,,,,,,,,,,,,,,,,,,,,,,,,,,,,,,,,,,,,,,,,,,,,,,,,,,,,,,,,,,,,,,,,,,,,,,,,,,,,,,,,,,,,,,,,,,,,,,,,,,,,,,,,,,,,,,,,,,,,,,,,,,,,,,,,,,,,,,,,,,,,,,,,,,,,,,,,,,,,,,,,,,,,,,,,,,,,,,,,,,,,,,,,,,,,,,,,,,,,,,,,,,,,,,,,,,,,,,,,,,,,,,,,,,,,,,,,,,,,,,,,,,,,,,,,,,,,,,,,,,,,,,,,,,,,,,,,,,,,,,,,,,,,,,,,,,,,,,,,
A,-1.275607868558394,,,,,,,,,,,,,,,,,,,,,,,,,-0.09219174951027384,,,,,,,,,,,,,,,-0.11140736661142352,,,,,,,,,,,,,,,,,,,,,,,,,,,,,,,,,,,,,,,,,,,,,,,,,,,,,-0.06171346862496412,,,,-0.04742248582809938,,,,,,,-1.3041560377504116,,,,,,,,-1.6378376976075466,,,,,0.007408046189139718,,,0.00712600932624261,,-1.9519719127491322,,,-0.8519930789291934,,-3.324920233686558,,,,,,,,-1.8115877646842284,,,,-1.950241480554893,,,,,,-1.4936993434472783,,,,,,,,,,-2.928938654289555,,,,,,,-2.3958439689231046,,,,-2.7317320092010187,,,,-1.9002400126453118,,,,-2.3371826229151,,,-3.0756931235065115,-0.5462401230771772,,,,,-1.6502060998755494,-2.5685300713737256,,,,-2.196753946111328,,,,,,,0.0,,,,,,,,,,,,,,,,,,,,,,,,,,,,,,,,,,,,,,,,,,,,,,,,,,,,,,,,,,,,,,,,,,,,,,,,,,,,,,,,,,,,,-0.002103529362063604,,-0.02682713441642842,,,-0.001710388280576682,,,,,-0.006017939747357067,,,,,,,,,,,,,,,,,,,,,,,,,,,,,,,,,,,,,,,,,,,,,,,,,,,,,,,,,,,,,,,,,,,,,,,,,,,,,,,,,,,,,,,,,,,,,,,,,,,,,,,,,,,,,,,,,,,,,,,,,,,,,,,,,,,,,,,,,,,,,,,,,,,,,,,,,,,,,,,,,,,,,,,,,,,,,,,,,,,,,,,,,,,,,,,,,,,,,,,,,,,,,,,,,,,,,,,,,,,,,,,,,,,,,,,,,,,,,,,,,,,,,,,,,,,,,,,,,,,,,,,,,,,,,,,,,,,,,,,,,,,,,,,,,,,,,,,,,,,,,,,,,,,,,,,,,,,,,,,,,,,,,,,,,,,,,,,,,,,,,,,,,,,,,,,,,,,,,,,,,,,,,,,,,,,,,,,,,,,,,,,,,,,,,,,,,,,,,,,,,,,,,,,,,,,,,,,,,,,,,,,,,,,,,,,,,,,,,,,,,,,,,,,,,,,,,,,,,,,,,,,,,,,,,,,,,,,,,,,,,,,,,,,,,,,,,,,,,,,,,,,,,,,,,,,,,,,,,,,,,,,,,,,,,,,,,,,,,,,,,,,,,,,,,,,,,,,,,,,,,,,,,,,,,,,,,,,,,,,,,,,,,,,,,,,,,,,,,,,,,,,,,,,,,,,,,,,,,,,,,,,,,,,,,,,,,,,,,,,,,,,,,,,,,,,,,,,,,,,,,,,,,,,,,,,,,,,,,,,,,,,,,,,,,,,,,,,,,,,,,,,,,,,,,,,,,,,,,,,,,,,,,,,,,,,,,,,,,,,,,,,,,,,,,,,,,,,,,,,,,,,,,,,,,,,,,,,,,,,,,,,,,,,,,,,,,,,,,,,,,,,,,,,,,,,,,,,,,,,,,,,,,,,,,,,,,,,,,,,,,,,,,,,,,,,,,,,,,,,,,,,,,,,,,,,,,,,,,,,,,,,,,,,,,,,,,,,,,,,,,,,,,,,,,,,,,,,,,,,,,,,,,,,,,,,,,,,,,,,,,,,,,,,,,,,,,,,,,,,,,,,,,,,,,,,,
C,-1.5384479736493206,,,,,,,,,,,,,,,,,,,,,,,,,,,,,,,,,,,,,,,,,,,,,,,,,,,,,,,,,,,,,,,,,,-0.09807998712658941,,,,,,,,,,,,,,,,,,,,,,,,,,,,,,,,,,,,,,,,,,,-2.0104380664343506,,,,,,-2.8344141993978726,,,,,,,,,,,-1.2170039784108002,-0.6421062029682485,,,,-3.248594308054867,,-0.7841067109768153,,,,,,,-2.040297221212193,,,-2.561502826357775,,,,,,,,,,-2.3297309461513005,,,-3.7795801438673178,,,,-0.11960123825704264,,,,,-1.6215106198533291,-1.3307956883741348,,,,-3.024143773253033,-0.9772296675642443,,,,-2.072980133994726,,,,,,,,,-2.452935703767212,,,0.007266832166538578,-3.216225374726144,0.0011588480183786021,,,,,,,,,,,,,,,,,,,,,,,,,,,,,,,,,,,,,,,,,,,,,,,,,,,,,,,,,,,,,,,,1.1098804334045989,,,,,,,,,,,,,,,,,,,,,,,,,,,,,,-0.14133271677589979,,,,,,,,,,,,,,,,,,,,,,,,,,,,,,,,,,,,,,,,,,,,,,,,,,,,,,,,,,,,,,,,,,,,,,,,,,,,,,,,,,,,,,,,,,,,,,,,,,,,,,,,,,,,,,,,,,,,,,,,,,,,,,,,,,,,,,,,,,,,,,,,,,,,,,,,,,,,,,,,,,,,,,,,,,,,,,,,,,,,,,,,,,,,,,,,,,,,,,,,,,,,,,,,,,,,,,,,,,,,,,,,,,,,,,,,,,,,,,,,,,,,,,,,,,,,,,,,,,,,,,,,,,,,,,,,,,,,,,,,,,,,,,,,,,,,,,,,,,,,,,,,,,,,,,,,,,,,,,,,,,,,,,,,,,,,,,,,,,,,,,,,,,,,,,,,,,,,,,,,,,,,,,,,,,,,,,,,,,,,,,,,,,,,,,,,,,,,,,,,,,,,,,,,,,,,,,,,,,,,,,,,,,,,,,,,,,,,,,,,,,,,,,,,,,,,,,,,,,,,,,,,,,,,,,,,,,,,,,,,,,,,,,,,,,,,,,,,,,,,,,,,,,,,,,,,,,,,,,,,,,,,,,,,,,,,,,,,,,,,,,,,,,,,,,,,,,,,,,,,,,,,,,,,,,,,,,,,,,,,,,,,,,,,,,,,,,,,,,,,,,,,,,,,,,,,,,,,,,,,,,,,,,,,,,,,,,,,,,,,,,,,,,,,,,,,,,,,,,,,,,,,,,,,,,,,,,,,,,,,,,,,,,,,,,,,,,,,,,,,,,,,,,,,,,,,,,,,,,,,,,,,,,,,,,,,,,,,,,,,,,,,,,,,,,,,,,,,,,,,,,,,,,,,,,,,,,,,,,,,,,,,,,,,,,,,,,,,,,,,,,,,,,,,,,,,,,,,,,,,,,,,,,,,,,,,,,,,,,,,,,,,,,,,,,,,,,,,,,,,,,,,,,,,,,,,,,,,,,,,,,,,,,,,,,,,,,,,,,,,,,,,,,,,,,,,,,,,,,,,,,,,,,,,,,,,,,,,,,,,,,,,,,,,,,,,,,,,,,,,,,,,,,,,,,,,,,,,,,,
D,-1.222653697557801,,,,,-0.1620084676795994,,,,,,-0.14168238665654184,,,,,,,,,,,,,,,,,,,,,,-0.092132981314302,,,,,,,,,,,-0.1385645627116008,,,,,,,-0.10969022159220179,,,,,,,,,,,,,-0.13844987425393274,,,,,,,,,,,,,,,,,,-0.12321598132101132,,,,,,,,,,,,,,,,,,,,,,,,,-3.649581526983151,,,,,-3.6436038486698337,,,-2.042968317570267,-2.5017552130285887,-3.331660508936611,,,-3.0069670036959626,,-2.8493319704305144,-0.0032476994730070365,,,-2.695063907094575,-3.2868787471799523,,,,-1.9894666469022197,,,,,-1.7477147224773355,,,,,,,,-0.9228574637071567,,,,,-2.0742488140107347,,,-2.0091058257488092,-2.559732481455518,,,,,0.005796932196420949,,,,,-1.9627346299076578,-2.6162852534773395,-2.6401945379105047,-2.518684844304832,,,,-2.917845706311306,,,,,-0.4821241425735757,,,0.006213258660295325,,,,-2.2906642332655087,,-2.4439895572662205,,,,-2.6926286519227536,,,,,,,,,,,,,,-0.004542562679277446,,,-0.01884763341564926,,,,-0.006022551461751739,,,,,,,,,-0.0028117606872284846,,,,,-0.0020665716203927646,,,-0.027898873634676736,,,,-0.00729253989086848,,,-0.0251458979265513,,,,,,,,,,,,,,,,,,,,,,,,,,-0.004591093974906838,,-0.01102023382623877,,-0.001511203720779849,,,,,,,,,,,,,,,-0.007629249297072157,,,,,,-0.004066590162816684,,,,,-0.007253162313812453,,-0.006260716743825879,,,,,,,,,,,,,,,,,,,,,,,,,,,,,,,,,,,,,,,,,,,,,,,,,,,,,,,,,,,,,,,,,,,,,,,,,,,,,,,,,,,,,,,,,,,,,,,,,,,,,,,,,,,,,,,,,,,,,,,,,,,,,,,,,,,,,,,,,,,,,,,,,,,,,,,,,,,,,,,,,,,,,,,,,,,,,,,,,,,,,,,,,,,,,,,,,,,,,,,,,,,,,,,,,,,,,,,,,,,,,,,,,,,,,,,,,,,,,,,,,,,,,,,,,,,,,,,,,,,,,,,,,,,,,,,,,,,,,,,,,,,,,,,,,,,,,,,,,,,,,,,,,,,,,,,,,,,,,,,,,,,,,,,,,,,,,,,,,,,,,,,,,,,,,,,,,,,,,,,,,,,,,,,,,,,,,,,,,,,,,,,,,,,,,,,,,,,,,,,,,,,,,,,,,,,,,,,,,,,,,,,,,,,,,,,,,,,,,,,,,,,,,,,,,,,,,,,,,,,,,,,,,,,,,,,,,,,,,,,,,,,,,,,,,,,,,,,,,,,,,,,,,,,,,,,,,,,,,,,,,,,,,,,,,,,,,,,,,,,,,,,,,,,,,,,,,,,,,,,,,,,,,,,,,,,,,,,,,,,,,,,,,,,,,,,,,,,,,,,,,,,,,,,,,,,,,,,,,,,,,,,,,,,,,,,,,,,,,,,,,,,,,,,,,,,,,,,,,,,,,,,,,,,,,,,,,,,,,,,,,,,,,,,,,,,,,,,,,,,,,,,,,,,,,,,,,,,,,,,,,,,,,,,,,,,,,,,,,,,,,,,,,,,,,,,,,,,,,,,,,,,,,,,,,,,,,,,,,,,,,,,,,,,,,,,,,,,,,,,,,,,,,,,,,,,,,,,,,,,,,,,,,,,,,,,,,,,,,,,,,,,,,,,,,,,,,,,,,,,,,,,,,,,,,,,,,,,,,,,,,,,,,,,,,,,,,,,,,,,,,,,,,,,,,,,,,,,,,,,,,,,,,,,,,,,,,,,,,,,,,,,,,,,,,,,,,,,,,,,,,,,,,,,,,,,
E,-0.9456693805293689,,,,,,,,,,,,,,,,,,,,,,,,,,,,,,,,,,,,,,,,,,-0.11722420047059011,,,,,,,,,,,,-0.11825245133320804,,,,,,,,,,,,,,,,,-0.1236528159924842,,,,,,,,,,,,,,,,,,,,-0.1126372896762018,,,,,,,,,,,,,,,,0.008567611798379681,,,-2.4461745203036442,,,,-2.4857041610519404,,,,,,,,0.008784067069291756,0.7155990614215175,,,,,,-2.251908545848215,-2.050012359144998,,,,-2.7722146418612943,-0.9144065244844105,0.00730085064420255,,-2.6094808115525785,-3.7518490936246005,,-1.5755020592350728,-1.853987912316786,,0.003119704171946511,,,,,,-2.375569811215279,,,,,-1.8828797696315631,,-2.521637615387796,-0.8240287373067703,,,,,0.014063236290402516,,,,,,-1.7258066928754057,,,-0.7031184507762398,,,,,,-2.375618295169951,-2.4846484302737584,,-0.0929383727291308,,-2.110994665219511,,,-0.8504499164226018,,,,,,,,,,,,,,-0.0050456950413811635,,,,,,,,,,,-0.004787987590705298,,,,-0.0015696908990117545,,,,,,,,,,,,,,,,,,0.5737546407332088,,-0.007898616249375608,,,,,,,-0.002279971237824629,,,,,,,,,,,,,,-0.0019862488513798676,,-0.007348037285601597,,,1.0593164299504674,,,,,,,,,,,-0.0013358127242299336,,,,,,,,,,,,,,,,,,,,,,,,,,,,,,,,,,,,,,,,,,,,,,,,,,,,,,,,,,,,,,,,,,,,,,,,,,,,,,,,,,,,,,,,,,,,,,,,,,,,,,,,,,,,,,,,,,,,,,,,,,,,,,,,,,,,,,,,,,,,,,,,,,,,,,,,,,,,,,,,,,,,,,,,,,,,,,,,,,,,,,,,,,,,,,,,,,,,,,,,,,,,,,,,,,,,,,,,,,,,,,,,,,,,,,,,,,,,,,,,,,,,,,,,,,,,,,,,,,,,,,,,,,,,,,,,,,,,,,,,,,,,,,,,,,,,,,,,,,,,,,,,,,,,,,,,,,,,,,,,,,,,,,,,,,,,,,,,,,,,,,,,,,,,,,,,,,,,,,,,,,,,,,,,,,,,,,,,,,,,,,,,,,,,,,,,,,,,,,,,,,,,,,,,,,,,,,,,,,,,,,,,,,,,,,,,,,,,,,,,,,,,,,,,,,,,,,,,,,,,,,,,,,,,,,,,,,,,,,,,,,,,,,,,,,,,,,,,,,,,,,,,,,,,,,,,,,,,,,,,,,,,,,,,,,,,,,,,,,,,,,,,,,,,,,,,,,,,,,,,,,,,,,,,,,,,,,,,,,,,,,,,,,,,,,,,,,,,,,,,,,,,,,,,,,,,,,,,,,,,,,,,,,,,,,,,,,,,,,,,,,,,,,,,,,,,,,,,,,,,,,,,,,,,,,,,,,,,,,,,,,,,,,,,,,,,,,,,,,,,,,,,,,,,,,,,,,,,,,,,,,,,,,,,,,,,,,,,,,,,,,,,,,,,,,,,,,,,,,,,,,,,,,,,,,,,,,,,,,,,,,,,,,,,,,,,,,,,,,,,,,,,,,,,,,,,,,,,,,,,,,,,,,,,,,,,,,,,,,,,,,,,,,,,,,,,,,,,,,,,,,,,,,,,,,,,,,,,,,,,,,,,,,,,,,,,,,,,,,,,,,,,,,,,,,,,,,,,,,,,,,,,,,,,,,,,,,,,,,,,,,,,,,,,,,,,,,,,,,,,,,,,,,,,,,,,,,,,,,,,,,,,,,,,,,
F,-0.9012813155438499,,,,,,,,,,,,,,-0.13031823330819733,,,,,,,,,-0.07555835339469222,,,,,,,-0.1352193583742081,,,,,,,,,,,,,,,,,,,,,,,,,,,,,,,,,,,,,,,,,,,,,-0.0946164892398279,,,,,,,,,,,,,,,,,,,,,,,,,,,,,-1.1149878710304808,-1.4495323218630995,,,-2.6995087673292697,,,,-1.3078147685367807,-2.940246433250836,,-0.6954103692007179,,,-0.43333974615756404,-2.753484696556658,,,,,,-2.840136801648073,-0.7661600422366748,,0.0028858606786206003,,,,,0.0004951511131523834,,,,,,,-3.4369064595864454,,,0.008446807901015655,,,,,-0.4026994867344586,,,,,-2.436198556353597,,,0.006270647926766445,,,0.16236509245877484,-1.3320703578802124,-3.155713148510806,,,,,,,,,,-2.2281027103296633,,,,-3.3281419890118795,-2.3849681241737533,,,,,,,,,,,,,,,0.0003172367024597823,,,,,,-0.005291277233129803,,,,,,,,,,,,,,,,,,,,,,,,,,,,,,,,,,,,,,,1.1225378368748775,,,,,-0.012435203220494743,,,-0.0037515560599386292,,,,,,,,,,,,,1.5519204803587459,,,,,1.764080911095318,,,,,,,,,,,,,,-0.0015529479230212968,,,,,,,,,,,,,,,,,,,,,,,,,,,,,,,,,,,,,,,,,,,,,,,,,,,,,,,,,,,,,,,,,,,,,,,,,,,,,,,,,,,,,,,,,,,,,,,,,,,,,,,,,,,,,,,,,,,,,,,,,,,,,,,,,,,,,,,,,,,,,,,,,,,,,,,,,,,,,,,,,,,,,,,,,,,,,,,,,,,,,,,,,,,,,,,,,,,,,,,,,,,,,,,,,,,,,,,,,,,,,,,,,,,,,,,,,,,,,,,,,,,,,,,,,,,,,,,,,,,,,,,,,,,,,,,,,,,,,,,,,,,,,,,,,,,,,,,,,,,,,,,,,,,,,,,,,,,,,,,,,,,,,,,,,,,,,,,,,,,,,,,,,,,,,,,,,,,,,,,,,,,,,,,,,,,,,,,,,,,,,,,,,,,,,,,,,,,,,,,,,,,,,,,,,,,,,,,,,,,,,,,,,,,,,,,,,,,,,,,,,,,,,,,,,,,,,,,,,,,,,,,,,,,,,,,,,,,,,,,,,,,,,,,,,,,,,,,,,,,,,,,,,,,,,,,,,,,,,,,,,,,,,,,,,,,,,,,,,,,,,,,,,,,,,,,,,,,,,,,,,,,,,,,,,,,,,,,,,,,,,,,,,,,,,,,,,,,,,,,,,,,,,,,,,,,,,,,,,,,,,,,,,,,,,,,,,,,,,,,,,,,,,,,,,,,,,,,,,,,,,,,,,,,,,,,,,,,,,,,,,,,,,,,,,,,,,,,,,,,,,,,,,,,,,,,,,,,,,,,,,,,,,,,,,,,,,,,,,,,,,,,,,,,,,,,,,,,,,,,,,,,,,,,,,,,,,,,,,,,,,,,,,,,,,,,,,,,,,,,,,,,,,,,,,,,,,,,,,,,,,,,,,,,,,,,,,,,,,,,,,,,,,,,,,,,,,,,,,,,,,,,,,,,,,,,,,,,,,,,,,,,,,,,,,,,,,,,,,,,,,,,,,,,,,,,,,,,,,,,,,,,,,,,,,,,,,,,,,,,,,,,,,,,,,,,,,,,,,,,,,,,,,,,,,,,,,,,,,,,,,,,,,,
G,-0.9687339896070902,,,,,,,,,,,,,,,,,,,,,,,,,,,,,-0.08296781800487517,,,,,,,,,,,,,,,,,,,,-0.12282747739543558,,,,-0.0884219184671455,,,,,,,,,,,,,,-0.08492889699697953,,,,,,,,,,,,,-0.08358351342076173,,,,,,,,,,,,-0.0770446947198264,,,,,,,7.762592213624303e-05,,,-0.5983260272581329,,,,,,,-2.6535493827959487,,,-3.167074739204007,,,,,,,,,,-2.005716346928695,-2.127337366443528,,,,0.005830317351656327,,,,0.006255193573097072,-1.844823461465473,,,-1.900786529706547,-1.6266374189844064,-0.9978590574725129,,-2.9780995381144693,,,,,-2.5529744311769975,,,,,,,,,,,-1.8240831884946977,,,-1.7971708666009798,,,,,-2.1913257559812593,,0.0082416358692812,0.00915427747953534,,,,0.007847350580450777,,,,,,,,-1.4395671053248273,,,,,-1.4886280734499746,0.005082404875064066,,,,0.007179589017796979,,,,,-0.277107896688117,,,,,,,,,,,,,,,,,,,,,,,,,,,,,,,-0.002380598624567447,,,,,,,,,,,,,,,,,,,,,,,,,,,,,,,,,,,,,,,,,,,,,,,,,,,,,,,,,,,-0.004667947982835885,,,,,,,,,,,,,,,,,,,,,,,,,,,,,,,,,,,,,,,,,,,,,,,,,,,,,,,,,,,,,,,,,,,,,,,,,,,,,,,,,,,,,,,,,,,,,,,,,,,,,,,,,,,,,,,,,,,,,,,,,,,,,,,,,,,,,,,,,,,,,,,,,,,,,,,,,,,,,,,,,,,,,,,,,,,,,,,,,,,,,,,,,,,,,,,,,,,,,,,,,,,,,,,,,,,,,,,,,,,,,,,,,,,,,,,,,,,,,,,,,,,,,,,,,,,,,,,,,,,,,,,,,,,,,,,,,,,,,,,,,,,,,,,,,,,,,,,,,,,,,,,,,,,,,,,,,,,,,,,,,,,,,,,,,,,,,,,,,,,,,,,,,,,,,,,,,,,,,,,,,,,,,,,,,,,,,,,,,,,,,,,,,,,,,,,,,,,,,,,,,,,,,,,,,,,,,,,,,,,,,,,,,,,,,,,,,,,,,,,,,,,,,,,,,,,,,,,,,,,,,,,,,,,,,,,,,,,,,,,,,,,,,,,,,,,,,,,,,,,,,,,,,,,,,,,,,,,,,,,,,,,,,,,,,,,,,,,,,,,,,,,,,,,,,,,,,,,,,,,,,,,,,,,,,,,,,,,,,,,,,,,,,,,,,,,,,,,,,,,,,,,,,,,,,,,,,,,,,,,,,,,,,,,,,,,,,,,,,,,,,,,,,,,,,,,,,,,,,,,,,,,,,,,,,,,,,,,,,,,,,,,,,,,,,,,,,,,,,,,,,,,,,,,,,,,,,,,,,,,,,,,,,,,,,,,,,,,,,,,,,,,,,,,,,,,,,,,,,,,,,,,,,,,,,,,,,,,,,,,,,,,,,,,,,,,,,,,,,,,,,,,,,,,,,,,,,,,,,,,,,,,,,,,,,,,,,,,,,,,,,,,,,,,,,,,,,,,,,,,,,,,,,,,,,,,,,,,,,,,,,,,,,,,,,,,,,,,,,,,,,,,,,,,,,,,,,,,,,,,,,,,,,,,,,,,,,,,,,,,,,,,,,,,,,,,,,,,,,,,,,,,,,,,,,,,,,,,,,,,
H,-0.9648315470382371,,,,,,,,,,,,,,,,-0.11076745134521072,,,,,,,,,,,,,,,,,,,,,,,,,,,,,,-0.1367546023826212,,,,,,,,,,,,,,,,,,,,,,,,,,,,,,,,,,,,,,,,,,,,,,,,,,,,,,,,,,,,0.006304886465613027,,,,,,,,,-2.400715859118053,-1.508879339351575,,,,,,,-1.796606694346682,,,-1.9234474660325507,,,,,,,,,,,,-0.527687481356166,,-2.1496144060975353,-0.751278169559321,,,,,,,,-2.292378932456755,,,-2.22603071233685,-2.026190425555572,,,,,,,,,,,,,,,,,,-1.289364985604141,-2.654671945166527,,,-0.768083717138273,,,-2.74901726759347,,,,,,,0.007838957659125791,-1.15158839432899,,,,,,-0.2526548700862453,,,,,,,,,,,,,2.518539417525924,,,,,,,,,,,,,,,,,,,,-0.0001797937040890413,,,1.033217389692701,,,,,,,,,,,-0.005945266700429899,,,,,,,,,,,,,,,,,,,,,,,,,,,,,,,,,,,,,,,,,,,,,,,,,,,,,,,,,,,,,,,,,,,,,,,,,,,,,,,,,,,,,,,,,,,,,,,,,,,,,,,,,,,,,,,,,,,,,,,,,,,,,,,,,,,,,,,,,,,,,,,,,,,,,,,,,,,,,,,,,,,,,,,,,,,,,,,,,,,,,,,,,,,,,,,,,,,,,,,,,,,,,,,,,,,,,,,,,,,,,,,,,,,,,,,,,,,,,,,,,,,,,,,,,,,,,,,,,,,,,,,,,,,,,,,,,,,,,,,,,,,,,,,,,,,,,,,,,,,,,,,,,,,,,,,,,,,,,,,,,,,,,,,,,,,,,,,,,,,,,,,,,,,,,,,,,,,,,,,,,,,,,,,,,,,,,,,,,,,,,,,,,,,,,,,,,,,,,,,,,,,,,,,,,,,,,,,,,,,,,,,,,,,,,,,,,,,,,,,,,,,,,,,,,,,,,,,,,,,,,,,,,,,,,,,,,,,,,,,,,,,,,,,,,,,,,,,,,,,,,,,,,,,,,,,,,,,,,,,,,,,,,,,,,,,,,,,,,,,,,,,,,,,,,,,,,,,,,,,,,,,,,,,,,,,,,,,,,,,,,,,,,,,,,,,,,,,,,,,,,,,,,,,,,,,,,,,,,,,,,,,,,,,,,,,,,,,,,,,,,,,,,,,,,,,,,,,,,,,,,,,,,,,,,,,,,,,,,,,,,,,,,,,,,,,,,,,,,,,,,,,,,,,,,,,,,,,,,,,,,,,,,,,,,,,,,,,,,,,,,,,,,,,,,,,,,,,,,,,,,,,,,,,,,,,,,,,,,,,,,,,,,,,,,,,,,,,,,,,,,,,,,,,,,,,,,,,,,,,,,,,,,,,,,,,,,,,,,,,,,,,,,,,,,,,,,,,,,,,,,,,,,,,,,,,,,,,,,,,,,,,,,,,,,,,,,,,,,,,,,,,,,,,,,,,,,,,,,,,,,,,,,,,,,,,,,,,,,,,,,,,,,,,,,,,,,,,,,,,,,,,,,,,,,,,,,,,,,,,,,,,,,,,,,,,,,,,,,,,,,,,,,,,,,,,,,,,,,,,,,,,
I,-0.4753033743980999,,-0.10494669556757716,,,,,,,,,,,,,,,,,-0.11723487151831974,,-0.10400756193142167,,,,,,,,,,-0.10186727191032795,,,,-0.10129372838981664,,,,-0.11802214866711805,,,,,,,,,-0.09688398074511236,,-0.11535840781579271,,,,,,,,-0.1376517633885555,,,,,-0.11249976461135051,,,,,,-0.09439091154547948,,,,,,,,-0.1036909701816693,,,,,,,,-0.11701136376456105,,,,,,,,,,,-0.0625023050083144,,,,,,-1.6179005954233048,,-0.4978062356670593,0.002582216407679105,,,0.0029963375355155845,0.040588463185062144,,-2.6553463864626212,-0.29421973920498024,0.007009316378865093,,,-0.5530841677869767,,-0.0018355498987000036,0.0066332541029837854,,-0.9898458100976474,,,,,,,-2.320094060480955,,,,,-2.8183334613566466,,,,1.001375214511114,,,,,,-2.03504592915966,,-2.796917243881563,-2.1558341914989474,,-0.000615475394575799,-1.0188009750252076,,,-2.1801501069960696,,,,-2.8552057812165974,,,-0.0008283155808875265,,-0.0018443542819328697,-2.6723039086675273,,-2.5498421438779055,,,,,,,,,,-2.350028297314822,,0.006039837877394014,,,,,,-0.3363953252112975,,,,,,,,0.00040253771043860856,,,,,,,,,,,,,,-0.004880878598764641,,-0.013309075491587996,,,,-0.059137484937905126,,,,,,,,,-0.003691591971699425,,,,,,,,,,,,-0.007795018668839167,-0.0077206024819787755,,,,-0.012586007606285058,,,,-0.005963016085113035,,,-0.006635605300358687,,,,2.4779185316956656,,,,,,1.3379554736032737,,,,,,,,,,,,,-0.015459553562807286,,,,,,,1.8825056621227234,,-0.006783925983866917,,,,,,,,,,,,,,,,,,,,,,,,,,,,,,,,,,,,,,,,,,,,,,,,,,,,,,,,,,,,,,,,,,,,,,,,,,,,,,,,,,,,,,,,,,,,,,,,,,,,,,,,,,,,,,,,,,,,,,,,,,,,,,,,,,,,,,,,,,,,,,,,,,,,,,,,,,,,,,,,,,,,,,,,,,,,,,,,,,,,,,,,,,,,,,,,,,,,,,,,,,,,,,,,,,,,,,,,,,,,,,,,,,,,,,,,,,,,,,,,,,,,,,,,,,,,,,,,,,,,,,,,,,,,,,,,,,,,,,,,,,,,,,,,,,,,,,,,,,,,,,,,,,,,,,,,,,,,,,,,,,,,,,,,,,,,,,,,,,,,,,,,,,,,,,,,,,,,,,,,,,,,,,,,,,,,,,,,,,,,,,,,,,,,,,,,,,,,,,,,,,,,,,,,,,,,,,,,,,,,,,,,,,,,,,,,,,,,,,,,,,,,,,,,,,,,,,,,,,,,,,,,,,,,,,,,,,,,,,,,,,,,,,,,,,,,,,,,,,,,,,,,,,,,,,,,,,,,,,,,,,,,,,,,,,,,,,,,,,,,,,,,,,,,,,,,,,,,,,,,,,,,,,,,,,,,,,,,,,,,,,,,,,,,,,,,,,,,,,,,,,,,,,,,,,,,,,,,,,,,,,,,,,,,,,,,,,,,,,,,,,,,,,,,,,,,,,,,,,,,,,,,,,,,,,,,,,,,,,,,,,,,,,,,,,,,,,,,,,,,,,,,,,,,,,,,,,,,,,,,,,,,,,,,,,,,,,,,,,,,,,,,,,,,,,,,,,,,,,,,,,,,,,,,,,,,,,,,,,,,,,,,,,,,,,,,,,,,,,,,,,,,,,,,,,,,,,,,,,,,,,,,,,,,,,,,,,,,,,,,,,,,,,,,,,,,,,,,,,,,,,,,,,,,,,,,,,,,,,,,,,,,,,,,,,,,,,,,,,,,,,,,,,,,,,,,,,,,,,,,,,,,,,,,,,,,,,,,,,,,,,,,,,,,,,,,,,,,,,,,,,,,,,,,,,,,,,,,,,,,,,,,,,,
K,-0.8207738256914493,,,,-0.10415823786557765,,,,,,,,-0.1111688523227482,,,,,,,,,,,,-0.13914012770752196,,,-0.15885920944192178,,,,,,,,,,,,,,-0.11372471580012822,,-0.13062752029886002,,,,,,,,,,,,,,,,,,,,,,,,,,,,,,-0.10179791093414585,,,,,,,,,,,,,-0.10075622633146504,,-0.09975904694788254,,,,,,,,,,,,,,,,,,,-2.0463997349040373,,,0.009795697056836054,-2.0165779511444915,,,0.0032113607884653094,,-1.0050119429121482,,,,,-1.8994668114449038,-3.1621515641467317,,,,,,,0.012072592736208546,0.009977005511107494,,,,0.004847020064690746,,-2.1753085839013595,-3.391408117408604,-2.727811833903493,,,-1.1221607005183492,0.006666352079004064,,-2.128958128156572,-2.820063725937135,-1.8640136529624582,,,0.20398003012877758,0.005881285301382999,,-0.3001396509705432,,,,,-0.005698204100521029,,,,,,-2.103851476504744,-0.8297785590211315,,,,,0.0062690911275168505,,,-3.0954863210055805,,-3.0228211351828973,,,,,0.00339298351545702,,0.0007163966137278901,0.005245402970986496,,,,-1.7250412181135475,,,,,,,,,,,,,,,,,,,,,,-0.008007125224569709,,,,-0.0023610539160364833,,,,,1.315690642103683,,,,,,,,,,,,,,,,,,,,,,,,,,,,,,,,,,,,,,,,,,,,,,,,,,,,,,,,,,,,,,,,-0.005217880879068279,,,,,,,-0.0048407962038836275,,,,,,,,,,,,,,,,,,,,,,,,,,,,,,,,,,,,,,,,,,,,,,,,,,,,,,,,,,,,,,,,,,,,,,,,,,,,,,,,,,,,,,,,,,,,,,,,,,,,,,,,,,,,,,,,,,,,,,,,,,,,,,,,,,,,,,,,,,,,,,,,,,,,,,,,,,,,,,,,,,,,,,,,,,,,,,,,,,,,,,,,,,,,,,,,,,,,,,,,,,,,,,,,,,,,,,,,,,,,,,,,,,,,,,,,,,,,,,,,,,,,,,,,,,,,,,,,,,,,,,,,,,,,,,,,,,,,,,,,,,,,,,,,,,,,,,,,,,,,,,,,,,,,,,,,,,,,,,,,,,,,,,,,,,,,,,,,,,,,,,,,,,,,,,,,,,,,,,,,,,,,,,,,,,,,,,,,,,,,,,,,,,,,,,,,,,,,,,,,,,,,,,,,,,,,,,,,,,,,,,,,,,,,,,,,,,,,,,,,,,,,,,,,,,,,,,,,,,,,,,,,,,,,,,,,,,,,,,,,,,,,,,,,,,,,,,,,,,,,,,,,,,,,,,,,,,,,,,,,,,,,,,,,,,,,,,,,,,,,,,,,,,,,,,,,,,,,,,,,,,,,,,,,,,,,,,,,,,,,,,,,,,,,,,,,,,,,,,,,,,,,,,,,,,,,,,,,,,,,,,,,,,,,,,,,,,,,,,,,,,,,,,,,,,,,,,,,,,,,,,,,,,,,,,,,,,,,,,,,,,,,,,,,,,,,,,,,,,,,,,,,,,,,,,,,,,,,,,,,,,,,,,,,,,,,,,,,,,,,,,,,,,,,,,,,,,,,,,,,,,,,,,,,,,,,,,,,,,,,,,,,,,,,,,,,,,,,,,,,,,,,,,,,,,,,,,,,,,,,,,,,,,,,,,,,,,,,,,,,,,,,,,,,,,,,,,,,,,,,,,,,,,,,,,,,,,,,,,,,,,,,,,,,,,,,,,,,,,,,,,,,,,,,,,,,,,,,,,,,,,,,,,,,,,,,,,,,,,,,,,,,,,,,,,,,,,,,,,,,,,,,,,,,,,,,,,
L,-0.6982710743308543,,,,,,,,,,,,,,1.8969933836913586,-0.06926816605622585,,,,,,,,,,,,,,,,,,,,,-0.08321041459267965,,,,,,,,,-0.08499174262883578,,,,,,,,,,,,-0.07506313486390782,,,,,,,,,,,,,,,,,,,,,,,,,,,,,,-0.1006662730571431,,,,,,,,,,,,,,0.0009511173383226931,,0.0010852965258471266,,,-2.6287318155866277,,,,,-0.7578105662965442,-2.7700874797162567,,,,,,-1.3515803474721215,-0.8135502172099146,,-0.8138852187706246,,,-0.000742845043229799,,,,-1.565141079483395,,,,-0.491365933942297,-1.3983340993832545,,-0.5333619571519563,,,-2.4848800254405967,-1.1423204408852778,,-2.0531950808253847,,-1.112393427071386,,,-0.7871665019639905,-0.004503821443353203,-1.9491646490340484,,,0.005879410702033446,,,-0.002669814944700283,-1.0231100446629706,-2.315173560683789,,,,,,,,,,,0.008642598547297252,0.005699637989836135,,,,-2.9713805028553906,0.006936463257582523,,,-1.8506414307294068,-2.7535592396521755,,,-0.005248863883616045,,,-3.371568043318932,,-1.9298888069320448,-2.3810073342521965,,,,,-0.33408946270773215,,-1.313873706526731,,,,,,,,,,,,,,,,,,,,,-0.009642042247213514,,2.1150933011653716,,,,,,,,,,,-0.0031168644676616178,,,,,,,,,,,,,,0.903290178574945,,,,,-0.013475465164426957,,1.1237213549560061,,,,,,-0.014667259918609407,,,-0.013186192500140043,,,,,,,,-0.0013298944908640554,,,,,-0.00564728949793846,,,,,,-0.3863495919171076,,,,,,,,,,-0.0038901073420329925,,,,,,,,,,,,,,,,,,,,,,,,,,,,,,,,,,,,,,,,,,,,,,,,,,,,,,,,,,,,,,,,,,,,,,,,,,,,,,,,,,,,,,,,,,,,,,,,,,,,,,,,,,,,,,,,,,,,,,,,,,,,,,,,,,,,,,,,,,,,,,,,,,,,,,,,,,,,,,,,,,,,,,,,,,,,,,,,,,,,,,,,,,,,,,,,,,,,,,,,,,,,,,,,,,,,,,,,,,,,,,,,,,,,,,,,,,,,,,,,,,,,,,,,,,,,,,,,,,,,,,,,,,,,,,,,,,,,,,,,,,,,,,,,,,,,,,,,,,,,,,,,,,,,,,,,,,,,,,,,,,,,,,,,,,,,,,,,,,,,,,,,,,,,,,,,,,,,,,,,,,,,,,,,,,,,,,,,,,,,,,,,,,,,,,,,,,,,,,,,,,,,,,,,,,,,,,,,,,,,,,,,,,,,,,,,,,,,,,,,,,,,,,,,,,,,,,,,,,,,,,,,,,,,,,,,,,,,,,,,,,,,,,,,,,,,,,,,,,,,,,,,,,,,,,,,,,,,,,,,,,,,,,,,,,,,,,,,,,,,,,,,,,,,,,,,,,,,,,,,,,,,,,,,,,,,,,,,,,,,,,,,,,,,,,,,,,,,,,,,,,,,,,,,,,,,,,,,,,,,,,,,,,,,,,,,,,,,,,,,,,,,,,,,,,,,,,,,,,,,,,,,,,,,,,,,,,,,,,,,,,,,,,,,,,,,,,,,,,,,,,,,,,,,,,,,,,,,,,,,,,,,,,,,,,,,,,,,,,,,,,,,,,,,,,,,,,,,,,,,,,,,,,,,,,,,,,,,,,,,,,,,,,,,,,,,,,,,,,,,,,,,,,,,,,,,,,,,,,,,,,,,,,,,,,,,,,,,,,,,,,,,,,,,,,,,,,,,,,,,,,,,,,,,,,,,,,,,,,,,,,,,,,,,,,,,,,,,,,,,,,,,,,,,,,,,,,,,,,,,,,,,,,,,,,,,,,,,,,,,,,,,,,,,,,,,,,,,,,,,,,,,,,,,,,,,,,,,
M,-1.3165730068292485,,,,,,,,,,,,,,,,,-0.11281638071544264,,,,,,,,,,,,,,,,,,,,,,,,,,,,,,,,,,,,,,,,,,,,,,,,,,,,,,,,,,,,,,,,,,,,,,,,,,,,,,,,,,,,-2.786892330976805,,-0.11372033406073317,,,,,,,-2.641466010232482,0.005318149812612741,,-2.7987873690779477,-2.0536364432139833,,,,-1.440730417149572,,,0.005580199546757234,,,-0.7133381244927293,,,,,-3.478350337979915,-3.267192568740328,,,,-1.2700279605125049,-1.790490501566113,,,,-2.456736898548692,,,-3.378526964716134,,,,0.007210260402331638,0.3298987066728783,,,-0.848896277258045,-3.236399939494931,,,-1.125367508752008,-1.242745327323269,,-2.0571673964525785,,-2.8803334224924924,,,,,,,,-2.5374660264546662,-2.560963615166692,-0.6483061630114257,,,,-1.925711258482661,,,,,,-1.195496108088017,1.37846275961337,-2.00487506108738,,-2.5884549915506483,,,,,,,,,,,,,,,,,,,,,,,,,1.1477479267128632,,-0.0033692907982920367,,,,,,-0.008048037456778685,,,,,,,,,,,,,,,,,,,,,,,,,,,,,,,,,,-0.005457802725793317,,,,1.5843516131360569,,,,,,,,,,,,,,,,,,,,,,,,,,,,,,,,,,,,,,,,,,,,,,,,,,,,,,,,,,,,,,,,,,,,,,,,,,,,,,,,,,,,,,,,,,,,,,,,,,,,,,,,,,,,,,,,,,,,,,,,,,,,,,,,,,,,,,,,,,,,,,,,,,,,,,,,,,,,,,,,,,,,,,,,,,,,,,,,,,,,,,,,,,,,,,,,,,,,,,,,,,,,,,,,,,,,,,,,,,,,,,,,,,,,,,,,,,,,,,,,,,,,,,,,,,,,,,,,,,,,,,,,,,,,,,,,,,,,,,,,,,,,,,,,,,,,,,,,,,,,,,,,,,,,,,,,,,,,,,,,,,,,,,,,,,,,,,,,,,,,,,,,,,,,,,,,,,,,,,,,,,,,,,,,,,,,,,,,,,,,,,,,,,,,,,,,,,,,,,,,,,,,,,,,,,,,,,,,,,,,,,,,,,,,,,,,,,,,,,,,,,,,,,,,,,,,,,,,,,,,,,,,,,,,,,,,,,,,,,,,,,,,,,,,,,,,,,,,,,,,,,,,,,,,,,,,,,,,,,,,,,,,,,,,,,,,,,,,,,,,,,,,,,,,,,,,,,,,,,,,,,,,,,,,,,,,,,,,,,,,,,,,,,,,,,,,,,,,,,,,,,,,,,,,,,,,,,,,,,,,,,,,,,,,,,,,,,,,,,,,,,,,,,,,,,,,,,,,,,,,,,,,,,,,,,,,,,,,,,,,,,,,,,,,,,,,,,,,,,,,,,,,,,,,,,,,,,,,,,,,,,,,,,,,,,,,,,,,,,,,,,,,,,,,,,,,,,,,,,,,,,,,,,,,,,,,,,,,,,,,,,,,,,,,,,,,,,,,,,,,,,,,,,,,,,,,,,,,,,,,,,,,,,,,,,,,,,,,,,,,,,,,,,,,,,,,,,,,,,,,,,,,,,,,,,,,,,,,,,,,,,,,,,,,,,,,,,,,,,,,,,,,,,,,,,,,,,,,,,,,,,,,,,,,,,,,,,,,,,,,,,,,,,,,,,,,,,,,,,,,,,,,,,,,,,,,,,,,,,,,,,,,,,,,,,,,,,,,,,,,,,,,,,,,
N,-0.9255221917635941,0.0,,,,,,,,,,,,,,,,,,,,,-0.10697105531842724,,,,-0.1360782802586226,,,,,,-0.0965670878481615,,,,,,,,,,,,,,,,,,,,,,,,-0.10023848321844452,,,,,,,,,,,,-0.10914507148274097,,,,,,,,-0.10670159333633773,,,-0.14386670860070594,,,,,,,,,,,,,,,,,,,,,-0.8901838781273128,,-1.0221588413564278,,,,,,-3.0443195896055,-2.6603698731593886,-2.5176195178840337,,,-1.8305859457312559,0.5655542622447713,-2.8728156053112084,0.0034505251225001956,,-2.1413261273779525,-2.5669541771654756,,,,-2.740566598815974,,,-3.1191644051411265,,,-2.5239410552937005,-2.0494751725312645,,,,-2.0686562976939387,,,,,,-3.0082719444883614,,-1.1183306288398212,,,,,,-1.9929400477271861,-0.0009456651678344831,-1.4899187552965374,,0.0002180135137306445,-2.1339180663596244,,,,0.819869256602338,-2.3559101491453562,-2.3410892352831305,,-0.800992807328633,0.28054923325906894,,0.007749876144424219,,,,,-1.7945744141595932,,-2.8121937111170254,,,,-0.4202964702006119,-1.692574717393856,,-1.8724906631723628,-2.532378263214704,,-1.4839506872555355,-0.0007031273495207306,,,-3.2574066353639246,,,,,,,,,,,,,,-0.00677743102687292,,,,,,,2.300700707247218,,,,,,,,,,,,,,-0.0024109862895818714,,,,,,,,,,1.5244999846102802,,,,1.6045508387212144,,,,,,,,,,,,,1.3766521909226295,,,,,-0.0024912867458407252,,,,,,,,,,,,,,1.6765813473690134,,,,,-0.004079018737359914,,-0.02079238863534154,-0.004420432197156875,,,,,,,0.15689953970812692,,,,,,,,,,,,,,,,,,,,,,,,,,,,,,,,,,,,,,,,,,,,,,,,,,,,,,,,,,,,,,,,,,,,,,,,,,,,,,,,,,,,,,,,,,,,,,,,,,,,,,,,,,,,,,,,,,,,,,,,,,,,,,,,,,,,,,,,,,,,,,,,,,,,,,,,,,,,,,,,,,,,,,,,,,,,,,,,,,,,,,,,,,,,,,,,,,,,,,,,,,,,,,,,,,,,,,,,,,,,,,,,,,,,,,,,,,,,,,,,,,,,,,,,,,,,,,,,,,,,,,,,,,,,,,,,,,,,,,,,,,,,,,,,,,,,,,,,,,,,,,,,,,,,,,,,,,,,,,,,,,,,,,,,,,,,,,,,,,,,,,,,,,,,,,,,,,,,,,,,,,,,,,,,,,,,,,,,,,,,,,,,,,,,,,,,,,,,,,,,,,,,,,,,,,,,,,,,,,,,,,,,,,,,,,,,,,,,,,,,,,,,,,,,,,,,,,,,,,,,,,,,,,,,,,,,,,,,,,,,,,,,,,,,,,,,,,,,,,,,,,,,,,,,,,,,,,,,,,,,,,,,,,,,,,,,,,,,,,,,,,,,,,,,,,,,,,,,,,,,,,,,,,,,,,,,,,,,,,,,,,,,,,,,,,,,,,,,,,,,,,,,,,,,,,,,,,,,,,,,,,,,,,,,,,,,,,,,,,,,,,,,,,,,,,,,,,,,,,,,,,,,,,,,,,,,,,,,,,,,,,,,,,,,,,,,,,,,,,,,,,,,,,,,,,,,,,,,,,,,,,,,,,,,,,,,,,,,,,,,,,,,,,,,,,,,,,,,,,,,,,,,,,,,,,,,,,,,,,,,,,,,,,,,,,,,,,,,,,,,,,,,,,,,,,,,,,,,,,,,,,,,,,,,,,,,,,,,,,,,,,,,,,,,,,,,,,,,,,,,,,,,,,,,,,,,,,,,,,,,,,,,,,,,,,,,,,,,,,,,,,,,,,,,,,,,,,,,,,,,,,,,,,,,,,,,,,,,,,,,,,,,,,,,,,,,,,,,,,,,,,,,,,,,,,,,,,,,,,,,,
P,-1.3452817222321825,,,,,,,,,,,,,,,,,,-0.1107967532919375,,,,,,,,,,,,,,,,,,,,,,,,,,,,,,,,,,,,,,,,,,,,,,,,,,,,,,,,,,,,,,,,,,,,,,,,,,,,,,,,,,,,,-1.7544916587145392,,,-3.1160153349599913,,,,,,,,,,,-1.737459882774568,,,-1.879436710536128,,,,-1.7895378656596896,-2.2214261982650636,,,,,,,-3.031889768889946,,,,,,-2.5138618023970016,,,-2.804334010720583,,,,-2.503705133457432,,-1.9002115011255898,,,,-2.167815261144816,,,-2.2861186325439506,,,,,,-1.8479011133397152,,-2.4297076824206116,,,,,-2.261965735299924,-2.410205923982867,,,,-0.33208135729350907,-2.2045128244868755,,,,0.006203657912446807,,,0.5880057581488259,,,,,,,,,,,,,,0.00035569588949840186,,,,,,,,,,,,,,,,,,,,,,,,,,,,,,,,,,2.2013876111592268,,,,,,,,,,,,,,,,,,,,,,,,,,,2.1922093810745484,,,,,,,,,,,,,-0.0020932623451807315,,,,,,,,,,,,,,,,,,,-0.005200190803550046,,,,,,,,,,,,,,,,,,,,,,,,,,,,,,,,,,,,,,,,,,,,,,,,,,,,,,,,,,,,,,,,,,,,,,,,,,,,,,,,,,,,,,,,,,,,,,,,,,,,,,,,,,,,,,,,,,,,,,,,,,,,,,,,,,,,,,,,,,,,,,,,,,,,,,,,,,,,,,,,,,,,,,,,,,,,,,,,,,,,,,,,,,,,,,,,,,,,,,,,,,,,,,,,,,,,,,,,,,,,,,,,,,,,,,,,,,,,,,,,,,,,,,,,,,,,,,,,,,,,,,,,,,,,,,,,,,,,,,,,,,,,,,,,,,,,,,,,,,,,,,,,,,,,,,,,,,,,,,,,,,,,,,,,,,,,,,,,,,,,,,,,,,,,,,,,,,,,,,,,,,,,,,,,,,,,,,,,,,,,,,,,,,,,,,,,,,,,,,,,,,,,,,,,,,,,,,,,,,,,,,,,,,,,,,,,,,,,,,,,,,,,,,,,,,,,,,,,,,,,,,,,,,,,,,,,,,,,,,,,,,,,,,,,,,,,,,,,,,,,,,,,,,,,,,,,,,,,,,,,,,,,,,,,,,,,,,,,,,,,,,,,,,,,,,,,,,,,,,,,,,,,,,,,,,,,,,,,,,,,,,,,,,,,,,,,,,,,,,,,,,,,,,,,,,,,,,,,,,,,,,,,,,,,,,,,,,,,,,,,,,,,,,,,,,,,,,,,,,,,,,,,,,,,,,,,,,,,,,,,,,,,,,,,,,,,,,,,,,,,,,,,,,,,,,,,,,,,,,,,,,,,,,,,,,,,,,,,,,,,,,,,,,,,,,,,,,,,,,,,,,,,,,,,,,,,,,,,,,,,,,,,,,,,,,,,,,,,,,,,,,,,,,,,,,,,,,,,,,,,,,,,,,,,,,,,,,,,,,,,,,,,,,,,,,,,,,,,,,,,,,,,,,,,,,,,,,,,,,,,,,,,,,,,,,,,,,,,,,,,,,,,,,,,,,,,,,,,,,,,,,,,,,,,,,,,,,,,,,,,,,,,,,,,,,,,,,,,,,,,,,,,,,,,,,,,,,,
Q,-1.182238043568909,,,,,,,,,,,,,,,,,,,,,,,,,,,,,,,,,,,,,-0.14899939081469027,,,,,,,,,,,,,,,,,,,,,,,,,,,,,,,,,,,-0.09468281719780867,,,,,,,,,,,,-0.09881684339608574,,,,,-0.1029724515487149,-0.10063306859181606,,,,,-0.0921365687762665,,,,,,,,,,,-3.6298516322331853,,,,,,,,-1.0353540911707015,,,,,,,,,,-3.0881981623648755,,,,,-2.535161327802627,-2.0496745909882232,,-2.7969670260192196,,0.24311209078776558,,-1.1033464380098987,,0.002325981056776242,,,0.0077324802221892495,-0.880103720838765,,-2.0385759642428236,,,-1.2054953977052314,,,,-2.610768815596164,,,-0.6676929229882224,,,,,,,,,,,,,-2.764058819892393,-1.3107097287371923,,,,0.005699018397601608,-3.339058863216453,,,,-2.700835142318564,,-0.9840375223029099,-3.0298367567642024,-2.5166909346543007,,,,-1.8288997708521366,0.007202074475987784,,,,,,,,,,,,,,,,,,,,,,,,,,,,1.1066335756200723,,,,,,,,,,,,,,,0.002940827647204765,,,,,,,,,0.0011195884849882203,,,,,,,,,,,-0.0015383925809284583,,,,,,,,,,,,,,,,,,,,,,,,,,,,,,,,,,,,,,,,,,,,,,,,,,,,,,,,,,,,,,,,,,,,,,,,,,,,,,,,,,,,,,,,,,,,,,,,,,,,,,,,,,,,,,,,,,,,,,,,,,,,,,,,,,,,,,,,,,,,,,,,,,,,,,,,,,,,,,,,,,,,,,,,,,,,,,,,,,,,,,,,,,,,,,,,,,,,,,,,,,,,,,,,,,,,,,,,,,,,,,,,,,,,,,,,,,,,,,,,,,,,,,,,,,,,,,,,,,,,,,,,,,,,,,,,,,,,,,,,,,,,,,,,,,,,,,,,,,,,,,,,,,,,,,,,,,,,,,,,,,,,,,,,,,,,,,,,,,,,,,,,,,,,,,,,,,,,,,,,,,,,,,,,,,,,,,,,,,,,,,,,,,,,,,,,,,,,,,,,,,,,,,,,,,,,,,,,,,,,,,,,,,,,,,,,,,,,,,,,,,,,,,,,,,,,,,,,,,,,,,,,,,,,,,,,,,,,,,,,,,,,,,,,,,,,,,,,,,,,,,,,,,,,,,,,,,,,,,,,,,,,,,,,,,,,,,,,,,,,,,,,,,,,,,,,,,,,,,,,,,,,,,,,,,,,,,,,,,,,,,,,,,,,,,,,,,,,,,,,,,,,,,,,,,,,,,,,,,,,,,,,,,,,,,,,,,,,,,,,,,,,,,,,,,,,,,,,,,,,,,,,,,,,,,,,,,,,,,,,,,,,,,,,,,,,,,,,,,,,,,,,,,,,,,,,,,,,,,,,,,,,,,,,,,,,,,,,,,,,,,,,,,,,,,,,,,,,,,,,,,,,,,,,,,,,,,,,,,,,,,,,,,,,,,,,,,,,,,,,,,,,,,,,,,,,,,,,,,,,,,,,,,,,,,,,,,,,,,,,,,,,,,,,,,,,,,,,,,,,,,,,,,,,,,,,,,,,,,,,,,,,,,,,,,,,,,,,,,,,,,,,,,,,,,,,,,,,,,,,,,,,,,,,,,,,,,,,,,,,,,,,,,,,,,,,,,,,,,,,,,,,,,,,,,,,,,,,,,,,,,,,,,,,,,,,,,,,,,,,,,,,,,,,,,,,,
R,-1.2933677548616467,,,,,,,-0.0760292974722933,,,,,,,,,,,,,,,,,,,,,,,,,,,-0.1273968615894457,,,,,,,,,,,,,,,,,,-0.10542847657677874,,,-0.10994382104776211,,,,,,,,,,,,,,,,,,,,,,,,,,,,,,,,,,,,,,,-0.016161471963849833,,,,-0.018647305950646544,,,-0.5454789846442978,-2.9872748137935985,-0.9724555969380073,,,-2.329831552021412,,,-1.9297093105407113,-1.7215150194635227,-0.04989050207583973,,,-2.3888115861440657,,,,,,,,,,-2.0665983912527968,,,-2.6023027733005417,,-2.776443661685942,-2.3959859041537706,-2.2347748294532037,0.001434859818389476,,-1.2644491794868897,,,-0.0007993980270404065,-1.5430427772280852,,,-2.2893791625485354,-0.516913901067991,,,-2.202548253319305,,-2.7258771040929144,,,-1.7922558288948252,-3.3728315614859765,,,-2.12216926770535,,,-1.83976186247091,,,,,,,,,,-2.9152408202379205,-2.038142077330148,-1.5519502961701588,,,-1.963096482229586,-2.280515860411615,-2.3515099526547796,,,,,-2.526079510457026,-1.9231758475421454,-1.9543158050156106,,,,-3.0957962785539648,-1.905626833343333,-1.4333949720115504,,,,,,,,,-0.0028923720497452984,,,,,,,,,,,,,,,,,,,,,,,,,0.9380170403957465,-0.007326276928063679,,,,,,-0.01864989145850747,,,,,,,,,,,,,,,,,-0.0036490361814122485,2.908660174545478,,,,,-0.0005008506553775342,,,,,,,,,-0.004064297962226121,,,,-0.002599409975768961,,,,,,,,,,,,,,,,,,,,,,,,,,,,,,,,,,,,,,,,,,,,,,,,,,,,,,,,,,,,,,,,,,,,,,,,,,,,,,,,,,,,,,,,,,,,,,,,,,,,,,,,,,,,,,,,,,,,,,,,,,,,,,,,,,,,,,,,,,,,,,,,,,,,,,,,,,,,,,,,,,,,,,,,,,,,,,,,,,,,,,,,,,,,,,,,,,,,,,,,,,,,,,,,,,,,,,,,,,,,,,,,,,,,,,,,,,,,,,,,,,,,,,,,,,,,,,,,,,,,,,,,,,,,,,,,,,,,,,,,,,,,,,,,,,,,,,,,,,,,,,,,,,,,,,,,,,,,,,,,,,,,,,,,,,,,,,,,,,,,,,,,,,,,,,,,,,,,,,,,,,,,,,,,,,,,,,,,,,,,,,,,,,,,,,,,,,,,,,,,,,,,,,,,,,,,,,,,,,,,,,,,,,,,,,,,,,,,,,,,,,,,,,,,,,,,,,,,,,,,,,,,,,,,,,,,,,,,,,,,,,,,,,,,,,,,,,,,,,,,,,,,,,,,,,,,,,,,,,,,,,,,,,,,,,,,,,,,,,,,,,,,,,,,,,,,,,,,,,,,,,,,,,,,,,,,,,,,,,,,,,,,,,,,,,,,,,,,,,,,,,,,,,,,,,,,,,,,,,,,,,,,,,,,,,,,,,,,,,,,,,,,,,,,,,,,,,,,,,,,,,,,,,,,,,,,,,,,,,,,,,,,,,,,,,,,,,,,,,,,,,,,,,,,,,,,,,,,,,,,,,,,,,,,,,,,,,,,,,,,,,,,,,,,,,,,,,,,,,,,,,,,,,,,,,,,,,,,,,,,,,,,,,,,,,,,,,,,,,,,,,,,,,,,,,,,,,,,,,,,,,,,,,,,,,,,,,,,,,,,,,,,,,,,,,,,,,,,,,,,,,,,,,,,,,,,,,,,,,,,,,,,,,,,,,,,,,,,,,,,,,,,,,,,,,,,,,,,,,,,,,,,,,,,,,,,,,,,,,,,,,,,,,,,,,,,,,,,,,,,,,,,,,,,,,,,,,,,,,,,,,,,,,,,,,,,,,,,,,
S,-1.2661892783025084,,,,,,,,,,,,,,,,,,,,,,,,,,,,,,,,,,,,,,,,,,,,,,,,,,,,,,,,,,,,,-0.09080960520691689,,,,,,,,,,,,,-0.08784761292088976,,,,,,,,,,,,,,,,,,,,,,,,,,-1.7638788169227122,,0.0031117375774850618,,,,,,,0.0042336744044077996,,,,,,-3.0246881090396855,-1.6864349602286148,-2.3591528220014406,,,-2.362848481314749,,,,,0.003491537749972145,-1.5045148531768253,-2.762517971177861,-2.291504239047405,,,-3.1655599552570592,,-1.7327373373671575,,,,-1.6286251186547522,,,-2.3479482516423933,,,-2.2561194734490804,,-2.1715896463460442,,,,-2.6362061814949014,,,-2.453085716294702,,,,-2.6754397581990226,,,,0.0008195471610587973,,-1.778472744491768,,-2.0155094582515543,-2.7521688639263973,-2.2555605200134266,,,,-2.9416697028480003,-1.4642961363028644,,,-0.16906129870445838,,,-2.9273744400818438,,,,,-1.2238680832162872,,-1.8354627236526335,,,-1.6652378900171692,-3.0917037167941808,,,,,,,,,,-0.004895407149949345,,,-0.005419031244377926,,,,,,1.3904170957547224,,,,,,2.0131540933319987,,,,,,,,,0.5261873154754662,,,,,,,,,,,,,,,,,,,,,,,,,,,,,,,-0.009521528305507003,,-0.008449407825302442,,,,,,,,,,,,-0.002629251173102836,,,,,,,,,,,,-0.005836826331910083,,,2.2387134150049577,,,,,,,,,,,,,,,,,,,,,,,,,,,,,,,,,,,,,,,,,,,,,,,,,,,,,,,,,,,,,,,,,,,,,,,,,,,,,,,,,,,,,,,,,,,,,,,,,,,,,,,,,,,,,,,,,,,,,,,,,,,,,,,,,,,,,,,,,,,,,,,,,,,,,,,,,,,,,,,,,,,,,,,,,,,,,,,,,,,,,,,,,,,,,,,,,,,,,,,,,,,,,,,,,,,,,,,,,,,,,,,,,,,,,,,,,,,,,,,,,,,,,,,,,,,,,,,,,,,,,,,,,,,,,,,,,,,,,,,,,,,,,,,,,,,,,,,,,,,,,,,,,,,,,,,,,,,,,,,,,,,,,,,,,,,,,,,,,,,,,,,,,,,,,,,,,,,,,,,,,,,,,,,,,,,,,,,,,,,,,,,,,,,,,,,,,,,,,,,,,,,,,,,,,,,,,,,,,,,,,,,,,,,,,,,,,,,,,,,,,,,,,,,,,,,,,,,,,,,,,,,,,,,,,,,,,,,,,,,,,,,,,,,,,,,,,,,,,,,,,,,,,,,,,,,,,,,,,,,,,,,,,,,,,,,,,,,,,,,,,,,,,,,,,,,,,,,,,,,,,,,,,,,,,,,,,,,,,,,,,,,,,,,,,,,,,,,,,,,,,,,,,,,,,,,,,,,,,,,,,,,,,,,,,,,,,,,,,,,,,,,,,,,,,,,,,,,,,,,,,,,,,,,,,,,,,,,,,,,,,,,,,,,,,,,,,,,,,,,,,,,,,,,,,,,,,,,,,,,,,,,,,,,,,,,,,,,,,,,,,,,,,,,,,,,,,,,,,,,,,,,,,,,,,,,,,,,,,,,,,,,,,,,,,,,,,,,,,,,,,,,,,,,,,,,,,,,,,,,,,,,,,,,,,,,,,,,,,,,,,,,,,,,,,,,,,,,,,,,,,,,,,,,,,,,,,,,,,,,,,,,,,,,,,,,,,,,,,,,,,,,,,,,,,,,,,,,,,,,,,,,,,,,,,,,,,,,,,,,,,,,,,,,,,,,,,,,,,,,,,,,,,,,,,,,,,,,,,,,,
T,-1.2401694611910714,,,,,,,,,-0.091235880727813,,,,,,,,,,,-0.08434244016054605,,,,,,,,-0.11683762120979602,,,,,,,,,,,,,,,,,,,,,,,,,,,,,,,,,,,,,-0.08860372965920887,,,,,,,,,,,,,,,,,,,,,,,,,,,,,,,,,,,,,-1.7326089038413361,,,,,,-2.466349645492712,,-1.2836489626357273,-2.7222024405837955,,-2.4974612612044846,-1.8766561175483134,,-0.153921284435125,-2.2220583199814246,-0.67891883922069,-2.4992497160304965,-2.508506678283031,-0.592649139319502,,,,-0.3410153165696398,,,,-2.0260236135711214,-1.651945238919172,,,,-1.7757970885174876,,,-2.5035898592584314,,,,,-3.4875044577175762,,,0.00702502928008305,-2.3706458290294075,,-2.6837218139516428,,-2.4541605405535294,,-2.399614326644828,,,,,-1.624540984954827,,-2.5834199712170274,0.17671516021863337,1.6162376434649612,0.006207621455238516,,-1.7796439068671817,,,,,-0.7122174629228003,,,,,0.004719531348123629,,-1.677526196829843,-1.0897099590225552,,-2.657123701438922,,-1.2506140011542473,,,,,,,,,,,,,-0.8718467106393126,,,,,,,,,-0.0008719422278983096,,,,-0.006421084311258142,,,,,,-0.013960002571503963,,,,-0.00996089207648762,,,,,,,,,,,,,,,,,,,,,,,,,,,,,,-0.03140485806454742,,,,,,,,,,,,,,,,,,,,,,,,,,,,,,,,,,,,,,,,,,,,,,,,,,,,,,,,,,,,,,,,,,,,,,,,,,,,,,,,,,,,,,,,,,,,,,,,,,,,,,,,,,,,,,,,,,,,,,,,,,,,,,,,,,,,,,,,,,,,,,,,,,,,,,,,,,,,,,,,,,,,,,,,,,,,,,,,,,,,,,,,,,,,,,,,,,,,,,,,,,,,,,,,,,,,,,,,,,,,,,,,,,,,,,,,,,,,,,,,,,,,,,,,,,,,,,,,,,,,,,,,,,,,,,,,,,,,,,,,,,,,,,,,,,,,,,,,,,,,,,,,,,,,,,,,,,,,,,,,,,,,,,,,,,,,,,,,,,,,,,,,,,,,,,,,,,,,,,,,,,,,,,,,,,,,,,,,,,,,,,,,,,,,,,,,,,,,,,,,,,,,,,,,,,,,,,,,,,,,,,,,,,,,,,,,,,,,,,,,,,,,,,,,,,,,,,,,,,,,,,,,,,,,,,,,,,,,,,,,,,,,,,,,,,,,,,,,,,,,,,,,,,,,,,,,,,,,,,,,,,,,,,,,,,,,,,,,,,,,,,,,,,,,,,,,,,,,,,,,,,,,,,,,,,,,,,,,,,,,,,,,,,,,,,,,,,,,,,,,,,,,,,,,,,,,,,,,,,,,,,,,,,,,,,,,,,,,,,,,,,,,,,,,,,,,,,,,,,,,,,,,,,,,,,,,,,,,,,,,,,,,,,,,,,,,,,,,,,,,,,,,,,,,,,,,,,,,,,,,,,,,,,,,,,,,,,,,,,,,,,,,,,,,,,,,,,,,,,,,,,,,,,,,,,,,,,,,,,,,,,,,,,,,,,,,,,,,,,,,,,,,,,,,,,,,,,,,,,,,,,,,,,,,,,,,,,,,,,,,,,,,,,,,,,,,,,,,,,,,,,,,,,,,,,,,,,,,,,,,,,,,,,,,,,,,,,,,,,,,,,,,,,,,,,,,,,,,,,,,,,,,,,,,,,,,,,,,,,,,,,,,,,,,,,,,,,,,,,,,,,,,,,,,,,,,,,,,,,,,,,,,,,,,,,,,,,,,,,,,,,,,,,,,,,,,,,,
V,-1.1458964181531957,,,-0.07581150989490691,,,,,,,,,,,,,,,,,,,,,,,,,,,,,,,,,,,,,,,,,,,,-0.0865988483425667,,,,,,,,,,,,,-0.08643494871598097,,-0.085776282660551,,,,,,,,-0.08760741609975133,,,,,,,,-0.07159134000716975,,,,,,,,,,,,,,,,,,,,,,,,,,0.0014117239268974992,,,-2.588231961090013,-0.3324197809540668,,,-2.028701080071092,0.006573800697050777,-2.3206335008712227,,,,-2.3546502704344108,-2.2032075625530068,-2.581207750887433,-2.9144139740532187,-3.00309385033271,-2.8836458607794904,-3.75268099753287,-0.5516201114855596,,,-3.240190057763024,-2.481765552873503,,,-1.3722454516016882,,1.4593800339648997,,0.003385587141536343,-1.4152564659351754,,,0.008337910195549946,,,,-0.846799512812886,-2.266510403843625,,-2.26666372052882,,-0.17911109583903054,,,-0.8906301856174034,,,-1.8299623229621058,0.00022545090630414125,,,-2.258012941013028,-1.2519208507810013,,,,-1.5235734021336977,,-2.31319884499038,-2.2661624408750374,-2.0632657065725057,-2.900651954878716,,-2.679535546036201,,,-2.450117663062417,,,-2.184008181264221,,-1.858251769248562,,-2.009831180295467,,,0.006403576351993975,-1.2254704625576236,,,,-2.5342077402244736,,,,,0.0004334282586111286,,,,,,,,,,,,1.6936978336258266,,,,,,,,,,,,,,,,,,,,,,,,,,,,2.792706236361572,,1.247483140492381,,0.0026813104007796223,,,,,,,,,,,-0.011379268566951631,,,,,,,,,,1.7877920248433312,,,,,,,,,,,0.00044187714469186886,,,,,,,,,,,,,,,,,,,,,,,,,,,,,,,,,,,,,,,,,,,,,,,,,,,,,,,,,,,,,,,,,,,,,,,,,,,,,,,,,,,,,,,,,,,,,,,,,,,,,,,,,,,,,,,,,,,,,,,,,,,,,,,,,,,,,,,,,,,,,,,,,,,,,,,,,,,,,,,,,,,,,,,,,,,,,,,,,,,,,,,,,,,,,,,,,,,,,,,,,,,,,,,,,,,,,,,,,,,,,,,,,,,,,,,,,,,,,,,,,,,,,,,,,,,,,,,,,,,,,,,,,,,,,,,,,,,,,,,,,,,,,,,,,,,,,,,,,,,,,,,,,,,,,,,,,,,,,,,,,,,,,,,,,,,,,,,,,,,,,,,,,,,,,,,,,,,,,,,,,,,,,,,,,,,,,,,,,,,,,,,,,,,,,,,,,,,,,,,,,,,,,,,,,,,,,,,,,,,,,,,,,,,,,,,,,,,,,,,,,,,,,,,,,,,,,,,,,,,,,,,,,,,,,,,,,,,,,,,,,,,,,,,,,,,,,,,,,,,,,,,,,,,,,,,,,,,,,,,,,,,,,,,,,,,,,,,,,,,,,,,,,,,,,,,,,,,,,,,,,,,,,,,,,,,,,,,,,,,,,,,,,,,,,,,,,,,,,,,,,,,,,,,,,,,,,,,,,,,,,,,,,,,,,,,,,,,,,,,,,,,,,,,,,,,,,,,,,,,,,,,,,,,,,,,,,,,,,,,,,,,,,,,,,,,,,,,,,,,,,,,,,,,,,,,,,,,,,,,,,,,,,,,,,,,,,,,,,,,,,,,,,,,,,,,,,,,,,,,,,,,,,,,,,,,,,,,,,,,,,,,,,,,,,,,,,,,,,,,,,,,,,,,,,,,,,,,,,,,,,,,,,,,,,,,,,,,,,,,,,,,,,,,,,,,,,,,,,,,,,,,,,,,,,,,,,,,,,,,,,,,,,,,,,,,,,,,,,,,,,,,,,,,,,,,,,,,,,,,,,,,,,,,,,,,,,,,,,,,,,,,,,,,,,,,,,,,,,,,,,,,,,,,,,,,,,,,,,,,,,,,,,,,,,,,,,
W,-1.6534450209860305,,,,,,,,,,,,,,,,,,,,,,,,,,,,,,,,,,,,,,,,,,,,,,,,,,,,,,,,,,,,,,,,,,,,,,,,,,,,,,,,,,,,,,,,,,,,,,,,,,,,,,,,,,,,,,,,,,,,,,,,,,,,,,,,,,,,-2.152311607793779,,,,,,,,,,,,,,,,,,,,,,,,,,,,,,,,,,,,,,,,,,,,,,,,,,,,,,,-2.7969689764171672,,,,,,,,,,,,,,,,,,,,,,,,,,,,,,,,,,-0.011054478747145626,,,,,,,,,,,,,,,,,,,,,,,,,,,,,,,,,,,,,,,,,,,,,,,,,,,,,,,,,,,,,,,,,,,,,,,,,,,,,,,,,,,,,,,,,,,,,,,,,,,,,,,,,,,,,,,,,,,,,,,,,,,,,,,,,,,,,,,,,,,,,,,,,,,,,,,,,,,,,,,,,,,,,,,,,,,,,,,,,,,,,,,,,,,,,,,,,,,,,,,,,,,,,,,,,,,,,,,,,,,,,,,,,,,,,,,,,,,,,,,,,,,,,,,,,,,,,,,,,,,,,,,,,,,,,,,,,,,,,,,,,,,,,,,,,,,,,,,,,,,,,,,,,,,,,,,,,,,,,,,,,,,,,,,,,,,,,,,,,,,,,,,,,,,,,,,,,,,,,,,,,,,,,,,,,,,,,,,,,,,,,,,,,,,,,,,,,,,,,,,,,,,,,,,,,,,,,,,,,,,,,,,,,,,,,,,,,,,,,,,,,,,,,,,,,,,,,,,,,,,,,,,,,,,,,,,,,,,,,,,,,,,,,,,,,,,,,,,,,,,,,,,,,,,,,,,,,,,,,,,,,,,,,,,,,,,,,,,,,,,,,,,,,,,,,,,,,,,,,,,,,,,,,,,,,,,,,,,,,,,,,,,,,,,,,,,,,,,,,,,,,,,,,,,,,,,,,,,,,,,,,,,,,,,,,,,,,,,,,,,,,,,,,,,,,,,,,,,,,,,,,,,,,,,,,,,,,,,,,,,,,,,,,,,,,,,,,,,,,,,,,,,,,,,,,,,,,,,,,,,,,,,,,,,,,,,,,,,,,,,,,,,,,,,,,,,,,,,,,,,,,,,,,,,,,,,,,,,,,,,,,,,,,,,,,,,,,,,,,,,,,,,,,,,,,,,,,,,,,,,,,,,,,,,,,,,,,,,,,,,,,,,,,,,,,,,,,,,,,,,,,,,,,,,,,,,,,,,,,,,,,,,,,,,,,,,,,,,,,,,,,,,,,,,,,,,,,,,,,,,,,,,,,,,,,,,,,,,,,,,,,,,,,,,,,,,,,,,,,,,,,,,,,,,,,,,,,,,,,,,,,,,,,,,,,,,,,,,,,,,,,,,,,,,,,,,,,,,,,,,,,,,,,,,,,,,,,,,,,,,,,
Y,-0.77692169705869,,,,,,-0.13215965910498484,,-0.09016550810431648,,-0.09868770278888585,,,-0.11603721441572111,,,,,,,,,,,,,,,,,,,,,,,,,-0.1131908518302611,,,,,,,,,,,,,,,,,,,,,-0.11389727207166615,,,,,,,,,,,,,,,,,,,,,,-0.1136744630150389,,-0.10720916865369146,,,,,,,,,,,,,,,,,0.0018303584210320844,,,,,,,,,,,,,,,0.005810711296678152,-2.5587009589354412,,,,,,,-2.814162450535585,,-2.398358602927834,0.004979713853117646,,-0.44085258436355834,,,,,-2.520424388219901,,,,,,,0.007453597943581155,,,-1.9449332711976757,,,,,,-2.2389175260546237,,,-1.4239948005944187,0.010641833994525358,,,-1.0781802076874893,,-2.2396662900829467,,-2.8169121713379663,,,,-1.801308906630027,,,,,,,0.006225528948272456,,,,0.005521237987410559,,,-2.2148174897627304,,,,-2.390357457964217,,,-1.5589437336037946,,-3.3201519412504394,,,,,0.0007962622952276471,,,,,,,,,,,,,,,,,,,,,,,,,,,,,,,,,,2.5033014346193854,,,,,,,,-0.014515696968899785,,,,,,,,,,,,,,,,,,,,,,,,,,,1.203883084508156,-0.009721907159047733,,,,,,,,,,,,,,,-0.0023385899348352134,1.398812563098397,,,,,,,,,,,,,,,,,,,,,,,,,,,,,,,,,,,,,,,,,,,,,,,,,,,,,,,,,,,,,,,,,,,,,,,,,,,,,,,,,,,,,,,,,,,,,,,,,,,,,,,,,,,,,,,,,,,,,,,,,,,,,,,,,,,,,,,,,,,,,,,,,,,,,,,,,,,,,,,,,,,,,,,,,,,,,,,,,,,,,,,,,,,,,,,,,,,,,,,,,,,,,,,,,,,,,,,,,,,,,,,,,,,,,,,,,,,,,,,,,,,,,,,,,,,,,,,,,,,,,,,,,,,,,,,,,,,,,,,,,,,,,,,,,,,,,,,,,,,,,,,,,,,,,,,,,,,,,,,,,,,,,,,,,,,,,,,,,,,,,,,,,,,,,,,,,,,,,,,,,,,,,,,,,,,,,,,,,,,,,,,,,,,,,,,,,,,,,,,,,,,,,,,,,,,,,,,,,,,,,,,,,,,,,,,,,,,,,,,,,,,,,,,,,,,,,,,,,,,,,,,,,,,,,,,,,,,,,,,,,,,,,,,,,,,,,,,,,,,,,,,,,,,,,,,,,,,,,,,,,,,,,,,,,,,,,,,,,,,,,,,,,,,,,,,,,,,,,,,,,,,,,,,,,,,,,,,,,,,,,,,,,,,,,,,,,,,,,,,,,,,,,,,,,,,,,,,,,,,,,,,,,,,,,,,,,,,,,,,,,,,,,,,,,,,,,,,,,,,,,,,,,,,,,,,,,,,,,,,,,,,,,,,,,,,,,,,,,,,,,,,,,,,,,,,,,,,,,,,,,,,,,,,,,,,,,,,,,,,,,,,,,,,,,,,,,,,,,,,,,,,,,,,,,,,,,,,,,,,,,,,,,,,,,,,,,,,,,,,,,,,,,,,,,,,,,,,,,,,,,,,,,,,,,,,,,,,,,,,,,,,,,,,,,,,,,,,,,,,,,,,,,,,,,,,,,,,,,,,,,,,,,,,,,,,,,,,,,,,,,,,,,,,,,,,,,,,,,,,,,,,,,,,,,,,,,,,,,,,,,,,,,,,,,,,,,,,,,,,,,,,,,,,,,,,,,,,,,,,,,,,,
AveragePosition,-1.1850207411766809,0.0,-0.10494669556757716,-0.07581150989490691,-0.10415823786557765,-0.1620084676795994,-0.13215965910498484,-0.0760292974722933,-0.09016550810431648,-0.091235880727813,-0.09868770278888585,-0.14168238665654184,-0.1111688523227482,-0.11603721441572111,0.8833375751915806,-0.06926816605622585,-0.11076745134521072,-0.11281638071544264,-0.1107967532919375,-0.11723487151831974,-0.08434244016054605,-0.10400756193142167,-0.10697105531842724,-0.07555835339469222,-0.13914012770752196,-0.09219174951027384,-0.1360782802586226,-0.15885920944192178,-0.11683762120979602,-0.08296781800487517,-0.1352193583742081,-0.10186727191032795,-0.0965670878481615,-0.092132981314302,-0.1273968615894457,-0.10129372838981664,-0.08321041459267965,-0.14899939081469027,-0.1131908518302611,-0.11802214866711805,-0.11140736661142352,-0.11372471580012822,-0.11722420047059011,-0.13062752029886002,-0.1385645627116008,-0.08499174262883578,-0.1367546023826212,-0.0865988483425667,-0.09688398074511236,-0.12282747739543558,-0.11535840781579271,-0.10969022159220179,-0.10542847657677874,-0.0884219184671455,-0.11825245133320804,-0.10994382104776211,-0.10023848321844452,-0.07506313486390782,-0.1376517633885555,-0.11389727207166615,-0.08643494871598097,-0.09080960520691689,-0.085776282660551,-0.11249976461135051,-0.13844987425393274,-0.08860372965920887,-0.09807998712658941,-0.08492889699697953,-0.10914507148274097,-0.09439091154547948,-0.08760741609975133,-0.1236528159924842,-0.09468281719780867,-0.10179791093414585,-0.08784761292088976,-0.0946164892398279,-0.10670159333633773,-0.1036909701816693,-0.07159134000716975,-0.14386670860070594,-0.08358351342076173,-0.1136744630150389,-0.12321598132101132,-0.10720916865369146,-0.09881684339608574,-0.11701136376456105,-0.10075622633146504,-0.1006662730571431,-0.09975904694788254,-0.1029724515487149,-0.10063306859181606,-0.1126372896762018,-0.0770446947198264,-0.06171346862496412,-0.016161471963849833,-0.0921365687762665,-0.0625023050083144,-0.04742248582809938,-0.018647305950646544,7.762592213624303e-05,-1.2754498595065875,-1.1104733994275933,-1.3258595740158858,-0.709895573296858,-0.7288846051302635,-0.7234750527277102,-2.3396250896671207,-2.3045623696721713,-1.7079202891692067,-1.5348740825568215,-1.9959639115744032,-1.4607443966888245,-1.830580638891765,-2.0634508656261468,-1.616950211291411,-1.9571453080955845,-1.245542167694496,-1.9995956263232193,-1.178705512832801,-1.8679688839578323,-2.1108411397594744,-1.2155601050697717,-2.3399714469971715,-1.7884289636751611,-1.3683392500498135,-1.441573076764972,-1.796713356166908,-2.264726524103504,-1.5160786092616994,-2.223354435526114,-2.031022365340694,-2.0007309996159903,-1.7193204897153878,-1.113437258889389,-1.413413288166259,-1.1578746150752866,-1.526481899617648,-1.5322050328576429,-1.9548219135493756,-2.045151590255397,-2.2982172529089544,-1.7176373854217026,-1.8190761074000776,-1.535478233163921,-1.7596072043157374,-1.9973569024440965,-1.572852272596882,-1.101237823538842,-1.2013754281134905,-1.436788294868754,-1.7376262275993317,-2.045427725439543,-1.6239878907590612,-2.117600109800969,-1.3389967449827227,-1.4835885889159586,-2.116218133954575,-1.4943821907291872,-1.5781653419921102,-1.4825377838159606,-0.9898250289058742,-0.5855781666641027,-1.4982619082981172,-1.8594224138745359,-1.654945478854388,-1.8637662461622662,-1.8489635375481523,-2.088892418318352,-1.8691622770176297,-1.4550212240597475,-2.2425978984189006,-1.6717565814240012,-1.8170194871424938,-2.0321633344004066,-1.7043139625706554,-1.415807614534811,-1.6306131354189475,-2.090161374444867,-1.6312236818360983,-1.969024870520653,-0.8336040217872057,-1.504559778700877,-1.0394571373393076,-1.8672413828437702,-1.7535510189570587,-1.9438493779411232,-1.5613848610287082,-1.917972652154554,-2.2873899734601806,0.0011588480183786021,0.00040253771043860856,-0.1668861130026362,-0.5156542866518783,-0.5301827249854123,-0.43574550737490714,0.0,-0.0028923720497452984,-0.005291277233129803,-0.004895407149949345,-0.00677743102687292,-0.0050456950413811635,-0.005419031244377926,-0.004542562679277446,-0.0008719422278983096,-0.004880878598764641,1.397796539245367,1.143695815877815,0.6919980057217321,0.5698704007441467,-0.006022551461751739,-0.03125338786809858,-0.004787987590705298,-0.0023610539160364833,0.9995970453802474,0.5484957666864294,-0.0015696908990117545,1.0535226318542965,0.6528648750135977,-0.0028117606872284846,-0.003691591971699425,-0.0024109862895818714,0.46348128082430046,0.25943051927370125,-0.0020665716203927646,-0.002380598624567447,-0.0001797937040890413,1.2377012804923544,-0.0031168644676616178,1.0719850364644736,0.002940827647204765,0.7586037223597059,-0.007795018668839167,-0.0077206024819787755,1.1137716597227432,0.7950175708761573,0.6197922621215026,0.5549759146342962,0.0026813104007796223,0.0011195884849882203,-0.005945266700429899,-0.005963016085113035,0.4454274876772251,-0.002279971237824629,-0.006635605300358687,-0.0037515560599386292,-0.0036490361814122485,1.4475923546905254,1.2743886215179157,0.5561710431945273,-0.0015383925809284583,-0.005457802725793317,-0.0005008506553775342,-0.0024912867458407252,0.8127714595674553,0.7848421766087237,1.091879986624623,-0.0019862488513798676,0.7693671439293029,0.8902219937788648,-0.004591093974906838,-0.004064297962226121,0.7507264268774616,0.8771795019681351,-0.001511203720779849,-0.002599409975768961,-0.0013298944908640554,0.8305608969031031,-0.002629251173102836,-0.0020932623451807315,0.00044187714469186886,-0.00564728949793846,-0.004079018737359914,-0.0013358127242299336,0.9308566367436909,-0.004420432197156875,-0.006783925983866917,-0.19395126992006445,-0.0023385899348352134,0.6955916569006624,-0.005836826331910083,-0.002103529362063604,0.07584082941452933,1.1059431402942645,-0.07300033237936783,-0.004066590162816684,-0.001710388280576682,-0.0038901073420329925,-0.005200190803550046,-0.0048407962038836275,-0.007253162313812453,-0.006017939747357067,-0.006260716743825879,,,,,,,,,,,,,,,,,,,,,,,,,,,,,,,,,,,,,,,,,,,,,,,,,,,,,,,,,,,,,,,,,,,,,,,,,,,,,,,,,,,,,,,,,,,,,,,,,,,,,,,,,,,,,,,,,,,,,,,,,,,,,,,,,,,,,,,,,,,,,,,,,,,,,,,,,,,,,,,,,,,,,,,,,,,,,,,,,,,,,,,,,,,,,,,,,,,,,,,,,,,,,,,,,,,,,,,,,,,,,,,,,,,,,,,,,,,,,,,,,,,,,,,,,,,,,,,,,,,,,,,,,,,,,,,,,,,,,,,,,,,,,,,,,,,,,,,,,,,,,,,,,,,,,,,,,,,,,,,,,,,,,,,,,,,,,,,,,,,,,,,,,,,,,,,,,,,,,,,,,,,,,,,,,,,,,,,,,,,,,,,,,,,,,,,,,,,,,,,,,,,,,,,,,,,,,,,,,,,,,,,,,,,,,,,,,,,,,,,,,,,,,,,,,,,,,,,,,,,,,,,,,,,,,,,,,,,,,,,,,,,,,,,,,,,,,,,,,,,,,,,,,,,,,,,,,,,,,,,,,,,,,,,,,,,,,,,,,,,,,,,,,,,,,,,,,,,,,,,,,,,,,,,,,,,,,,,,,,,,,,,,,,,,,,,,,,,,,,,,,,,,,,,,,,,,,,,,,,,,,,,,,,,,,,,,,,,,,,,,,,,,,,,,,,,,,,,,,,,,,,,,,,,,,,,,,,,,,,,,,,,,,,,,,,,,,,,,,,,,,,,,,,,,,,,,,,,,,,,,,,,,,,,,,,,,,,,,,,,,,,,,,,,,,,,,,,,,,,,,,,,,,,,,,,,,,,,,,,,,,,,,,,,,,,,,,,,,,,,,,,,,,,,,,,,,,,,,,,,,,,,,,,,,,,,,,,,,,,,,,,,,,,,,,,,,,,,,,,,,,,,,,,,,,,,,,,,,,,,,,,,,,,,,,,,,,,,,,,,,,,,,,,,,,,,,,,,,,,,,,,,,,,,,,,,,,,,,,,,,,,,,,,,,,,,,,,,,,,,,,,,,,,,,,,,
